"id","full_name","email","phone","role","starting_handicap","current_handicap","league_name"
"278b6781-3d69-4d80-a6a8-9080bc85d3cb","Mick Hennessy","mickyhen06@yahoo.co.uk",,"player",3.8,3.5,"League 4"
"7ebaae0c-361b-4ea2-8133-b4c64d4d9d0f","Steve Tarmey","stevetarmey14@icloud.com",,"player",3.5,3.8,"League 4"
"49c15c48-b352-4a26-9da5-4bfa5a46d835","Matt Spencer","spenno90@googlemail.com",,"player",4.3,2.9,"League 4"
"75eb9b2e-8c14-4712-a1bf-fc5862d6500e","Stephen Wallace","steve@gregoryaccountants.com",,"player",4.6,4.6,"League 3"
"bd2e7e10-bc93-48c8-9e17-15c0d9d920d5","Craig Jones","craig@tedplumming.co.uk",,"player",2,1.9,"League 4"
"0a4877b4-6b71-4ece-b851-77a277c609ea","Paul Blades","paul@midlandsafetyadvice.co.uk",,"player",3.8,3.2,"League 2"
"1cde2219-c1a8-481d-a5cf-11fa8577ca17","Paul Garratt","paulgarratt@blueyonder.co.uk",,"player",2.1,2.5,"League 4"
"97dec38c-6c33-4579-a0a9-b47e8ccc8e19","Craig Milligan","craigmilligan2012@gmail.com",,"player",5.9,6.6,"League 4"
"9b6c5cfd-85a6-4737-abbe-adf13b4b5fa4","Stuart Pickersgill","stuartpickersgill40@gmail.com",,"player",3.7,3.8,"League 3"
"74fc6393-ef47-498c-92f5-d4db92eccafd","Warren Crook","warrencrook14@live.co.uk",,"player",6.1,6.6,"League 4"
"a825e186-7393-4b7d-a62c-aa2aab9e8547","Steve Rochester","rochesterstephen@gmail.com",,"player",7.3,6.9,"League 3"
"695e55f0-9ec8-428c-a7fc-204a71ebc2be","Lee Eastoe","leeroy130@hotmail.com",,"player",3.3,3.1,"League 2"
"b62fda01-c3e2-408f-ae10-3777da27f1a4","Andy Ray","andysdp@aol.com",,"player",3.7,2.8,"League 1"
"d5a82cca-e820-4d41-a361-035b2d2ab9df","Stu Clark","clakka2323@gmail.com",,"player",0,-0.5,"League 3"
"4ce8b9dd-3a1b-4879-af15-487d557055a3","Stuart Murdock","murd927@live.co.uk",,"player",4.5,5.5,"League 3"
"34cb0125-3a8d-414c-9817-cc35f92ae9a4","Steve Robinson","Robbo.37@outlook.com",,"committee",9.5,8.7,"League 2"
"189490f0-4925-44f4-99c3-1cdfde41ed64","Marc Allsopp","marc@allsoppfinancial.co.uk",,"player",5.5,6.7,"League 2"
"86d35e72-52ca-46cd-850d-8702f99f5e7c","Adam Teale","adamteale@hotmail.com",,"player",6.2,6.2,"League 2"
"0b508406-582c-4b49-bc2d-c01f6bff8b7a","Ross Kelly","rk.solutions@outlook.com",,"player",4.5,4.4,"League 4"
"3e7fdd52-fb5c-46b5-aadd-b5a3870c4d23","Ashley Wells","ashly.wells2021@outlook.com",,"player",1,0.9,"League 4"
"56a49bee-b1d4-420f-8f71-176684ec9ff3","Ade Cooper","adrian_cooper34@yahoo.co.uk",,"player",6.9,5.6,"League 3"
"0ab9c3c7-0c90-4c77-b669-300358534f18","John Goodman","john.goodman73@yahoo.co.uk",,"player",2.5,2.4,"League 1"
"cb0d5d7f-2c36-4ca5-bf49-7bbcfef0fbce","Ian Ind","ianind@hotmail.co.uk",,"player",5.5,3.3,"League 1"
"102fd780-cb0d-4c90-84c3-7776b67d5df5","Paul Smith","pasmith1000@hotmail.com",,"player",7,6.6,"League 2"
"33f57864-26d5-4c1f-bf0b-0638b775a1dd","James Tough","james@butco.com",,"player",3.5,2.6,"League 1"
"3c810f61-259c-4b29-b85e-df895be03c23","Jez Williams","jez.williamsscgc@gmail.com",,"player",3.6,3.3,"League 2"
"b6f2ce70-b0a1-480f-9e31-20b8359c3ad3","Mark Howell","markjameshowell@yahoo.co.uk",,"player",4.6,2.5,"League 4"
"d9df10dc-33ee-41ed-9acb-926e46a3528b","Carl Rowe","carlh.rowe@googlemail.com",,"player",4.7,4.8,"League 4"
"dfcf2814-1e8c-467f-868a-b35834d97b8e","Martin Stevenson","stebro.martin@me.com",,"player",5.9,4.9,"League 2"
"94437571-2e53-4396-8df9-da797d06ec5a","Les Lawrence","Leftee579@gmail.com",,"player",4.9,5.6,"League 3"
"6005f174-c6d8-4693-b201-e0e154bb8669","Richard Shaw","richard@clean-gleam.com",,"player",4.1,3.3,"League 2"
"b9477000-cf1d-4395-bb5e-59cc972d8430","Tony Mynard","tony@butco.com",,"player",5.1,5.3,"League 1"
"5fa6d3ff-8d93-49f2-9beb-527c672fd24d","Dan Conway","danconway@outlook.com",,"player",4.9,5.7,"League 4"
"b3bb69ab-b1e9-43a8-ae8c-18a872150411","Tom Green","tlg1824@hotmail.com",,"player",8.6,7.2,"League 1"
"b40f152c-a482-447f-ac03-3857fe2cae90","Richard Craven Jones","rcravenjones@aol.com",,"player",14,13.1,"League 3"
"8b5d4777-6854-4f91-9b00-872e22d3b85a","Adam Simcox","adamsimcoxifa@gmail.com",,"player",3.3,2.4,"League 3"
"309894c8-c0da-4039-9516-7cefb12c9776","Chris Boards","chris.boards@gmail.com",,"player",6.4,6.2,"League 2"
"8532ae37-4d5e-4c2f-a80a-729d51ad2e9e","Dave Harrison","dave.harrison@live.co.uk",,"player",4,4.3,"League 1"
"e4fc6c68-514a-471b-b33f-ae75afc36837","Gary Adcock","garyradcock@aol.com",,"player",11.1,10.8,"League 2"
"7f5a3d7b-412d-4d5f-95a4-fecf12971f60","James Harrison","james.harrison96@hotmail.co.uk",,"player",8.9,7.4,"League 3"
"62894c50-8139-4e22-a8c5-53518b69ccd9","Jon Boden","joboden@hertz.com",,"player",5.4,3.8,"League 1"
"7e323e7b-88c6-4775-8e13-4824573c1c43","Nick Stableford","nicknick@live.co.uk",,"player",3.4,3,"League 1"
"238fffe0-c89c-4045-a610-077bb06d3ce9","Steve Such","contractsdelta@gmail.com",,"player",6.5,5.2,"League 1"
"1187b5ff-a2f3-4ac2-bd4a-3f3e3f058034","Peter Jeffries","Peterejeffries@hotmail.com",,"player",10.5,9.2,"League 3"
"d4705a1b-ddce-47da-b0a6-2a0428db5ff8","Simon Carter","simon.carter@campsteel.co.uk",,"player",-0.8,-1.1,"League 1"
"38f186b2-b4fd-4ee3-8ee2-9a505ad593ae","Mark Ready","mark.r.ready@gmail.com","+44 7584 301919","admin",8.4,9.5,"League 2"
"95c236e4-720c-4579-9ee6-2c4c71da5ccf","Tim Allsopp","timalls@icloud.com",,"player",3.4,3.1,"League 1"
"9f74607a-b13a-492b-8ec7-a65d031f2a7d","Jon Murchington","jon@murchingtonconsulting.co.uk",,"player",12.3,10.6,"League 2"
"c4605e79-83e1-4641-ad9f-d40d3871a521","Mark Jackson","markjacko10@hotmail.com",,"player",5,4.9,"League 3"
"d9fc8218-b712-4a30-95c8-7442eb0c356c","Mick Sandoz","michael@sandoz.co.uk",,"player",1.9,1.7,"League 2"
"59f9a833-9d6b-406e-90e0-da128337d73e","Kevin Horton","kevin.horton@axa-insurance.co.uk",,"committee",8.6,7.9,"League 2"
"78455dff-fe27-48b7-9d4d-24a1d8c99a8f","Andrew Mosson","andrewmosson114@gmail.com",,"player",5,5.2,"League 4"
"68d5555a-ce73-4bc3-9582-16d646e0923f","Tim Lewis","lewis.tim136@gmail.com",,"player",8,6.6,"League 1"
"40033297-762f-44eb-a7b5-e6cbe3e8b737","Mark Mosley","mosleymark69@yahoo.com",,"player",7.7,8.6,"League 4"
"3e4f8715-38d2-4163-aa94-173c73b8f656","Richard Bird","benoorin@yahoo.co.uk",,"player",6.2,3.6,"League 1"
"24c1baa5-56bb-4f70-9c0d-7320bf9aceb2","James Simmons","jamessimmons19@hotmail.com",,"player",4.8,5.5,"League 4"
"6910dacb-d2e4-4ddf-9c4a-e7b8943b58e9","Paul Chapman","paul_m.chapman@virgin.net",,"player",11.2,12.8,"League 3"
"bc178271-634a-43db-8880-60ba66277b36","Mark Jeffries","mark@friprojects.co.uk",,"player",3,3.5,"League 3"
"d6dc5615-86e5-414b-a702-d951a7982956","Jon Price","jonprice797@gmail.com",,"player",3.5,3.5,"League 4"
"316776a5-e63d-4610-a46c-d8b5a291b8aa","Neale Aston","neale.aston@outokumpu.com",,"player",8.4,8.5,"League 4"
"7e9a0c3c-c8cd-4746-9917-4c17c137ccc3","Scott Worrall","scottyworrall@aol.com",,"player",8.5,8.6,"League 4"
"0cda51a7-1710-4b9f-bfd2-902ff8a02cb7","James Willis","foggie1986@hotmail.co.uk",,"player",7,6.9,"League 4"
"dfb51d8e-b59e-4590-afa6-8d92a0af42cd","Andy Spencer","spencer-ian@sky.com",,"player",1.1,1,"League 4"
"484e75b6-47dd-4a18-a3d8-f131988ad61f","Richard Cook","richardc00k@yahoo.co.uk",,"player",8.2,8.3,"League 4"
"4cf1c255-8ec4-4278-802a-c65502eea352","Ross Jeffries","rossjeffries@google.com",,"player",1.5,1.9,"League 3"
"78d994c8-b85a-49bf-a1fa-e97da27b97f5","Brian Elliot","briantelliot@aol.com",,"player",13,13.1,"League 4"